Trial	cont1a	cont1b	cont2a	cont2b	cont3a	cont3b	cont4a	cont4b	cont5a	cont5b	cont6a	cont6b	cont7a	cont7b	cont8a	cont8b
1	0.397	0.397	0.410	0.410	0.400	0.400	0.448	0.448	0.456	0.457	0.420	0.420	0.445	0.445	0.434	0.434
2	0.421	0.421	0.449	0.449	0.409	0.409	0.420	0.420	0.450	0.450	0.417	0.417	0.440	0.440	0.453	0.453
3	0.428	0.428	0.436	0.436	0.428	0.428	0.429	0.429	0.431	0.431	0.451	0.451	0.430	0.430	0.441	0.441
4	0.429	0.429	0.425	0.425	0.424	0.424	0.428	0.428	0.460	0.460	0.436	0.436	0.472	0.472	0.471	0.472
5	0.430	0.430	0.406	0.406	0.460	0.460	0.437	0.437	0.467	0.467	0.410	0.410	0.433	0.433	0.407	0.407
6	0.410	0.410	0.418	0.418	0.424	0.424	0.402	0.402	0.418	0.418	0.428	0.428	0.452	0.452	0.477	0.477
7	0.448	0.448	0.424	0.424	0.446	0.446	0.414	0.414	0.436	0.436	0.419	0.419	0.423	0.423	0.439	0.439
8	0.472	0.472	0.406	0.405	0.429	0.429	0.413	0.413	0.408	0.408	0.438	0.438	0.465	0.465	0.450	0.450
9	0.410	0.410	0.425	0.425	0.445	0.445	0.435	0.435	0.487	0.487	0.416	0.416	0.425	0.425	0.433	0.433
10	0.408	0.408	0.434	0.434	0.423	0.423	0.423	0.423	0.457	0.457	0.413	0.413	0.453	0.453	0.463	0.463
