Trial	cont1a	cont1b	cont2a	cont2b	cont3a	cont3b	cont4a	cont4b	cont5a	cont5b
1	0.677	0.678	0.730	0.730	0.753	0.753	0.773	0.773	0.688	0.688
2	0.703	0.703	0.701	0.701	0.725	0.725	0.698	0.698	0.677	0.677
3	0.757	0.757	0.688	0.687	0.676	0.676	0.693	0.693	0.736	0.736
4	0.761	0.761	0.673	0.673	0.711	0.711	0.668	0.668	0.696	0.696
5	0.729	0.729	0.665	0.665	0.711	0.711	0.625	0.625	0.722	0.722
6	0.665	0.665	0.754	0.754	0.633	0.633	0.701	0.701	0.755	0.755
7	0.689	0.689	0.658	0.658	0.694	0.694	0.650	0.650	0.696	0.696
8	0.679	0.679	0.705	0.705	0.689	0.689	0.716	0.716	0.692	0.692
9	0.671	0.671	0.650	0.650	0.664	0.664	0.692	0.692	0.782	0.783
10	0.675	0.675	0.713	0.713	0.696	0.696	0.692	0.693	0.681	0.681
